TaskID,Instructions,Memory_MB,Input_MB,Output_MB,Cost
Task_1,40,114,71,28,5.370071229516849
Task_2,21,57,44,25,2.4476035482432232
Task_3,45,81,64,10,5.141532807151039
Task_4,71,90,78,99,9.389544784612038
Task_5,92,58,60,20,6.028769937914996
Task_6,36,107,90,31,4.333794564576229
Task_7,21,198,38,56,6.808819223261088
Task_8,72,52,99,43,7.401152093729364
Task_9,33,121,81,70,4.420788421097572
Task_10,14,145,42,82,4.823840065378947
Task_11,48,90,15,85,4.104873460781308
Task_12,96,54,80,73,6.936405369644615
Task_13,47,136,98,59,6.4279434073490505
Task_14,76,146,97,64,4.805079633013303
Task_15,1,134,51,58,0.437623251230451
Task_16,20,128,99,50,3.6715687061385416
Task_17,91,166,100,86,7.480753319498364
Task_18,80,91,13,15,5.801370998892911
Task_19,51,106,40,85,4.122963886718183
Task_20,16,114,49,27,0.961544447997063
Task_21,78,144,93,100,10.43347315338233
Task_22,19,177,55,48,3.9263355492701963
Task_23,43,135,72,66,5.671292307031886
Task_24,38,147,45,70,2.9578777206798144
Task_25,100,101,100,70,7.743425913212226
Task_26,83,192,50,21,7.3013838845648
Task_27,88,184,56,11,5.518509633866546
Task_28,64,200,96,32,7.683547027518509
Task_29,26,127,88,39,3.574041965121792
Task_30,65,137,71,25,5.622459375310085
Task_31,61,161,100,13,5.452440081655905
Task_32,74,186,96,91,11.143417276763406
Task_33,68,63,98,73,6.5747541628930986
Task_34,37,174,10,25,2.52843360656615
Task_35,12,180,15,48,4.578817368154784
Task_36,14,134,56,27,1.4537345250434663
Task_37,22,105,84,87,5.0282953925071325
Task_38,82,185,81,90,5.575494814180337
Task_39,29,161,42,25,2.0727209266523547
Task_40,43,71,84,34,4.925291853803685
Task_1,80,55,88,30,7.4276998699931145
Task_2,28,138,21,22,3.682052421784956
Task_3,60,103,21,16,4.41152757641764
Task_4,5,92,88,23,2.383344456616067
Task_5,54,57,96,19,2.77721701444886
Task_6,2,165,33,95,2.5902336874079372
Task_7,40,122,80,45,4.404041843560319
Task_8,81,107,28,82,8.355683339328372
Task_9,50,74,93,16,5.390427434352692
Task_10,53,99,81,72,3.2904397669559
Task_11,37,130,41,57,5.106125954092193
Task_12,59,119,90,85,6.187376579375526
Task_13,65,64,50,62,4.554616999541063
Task_14,28,199,50,16,5.297514433261303
Task_15,68,187,57,27,8.076499283743926
Task_16,2,198,53,24,4.631920178674298
Task_17,92,70,21,100,5.856173715166044
Task_18,42,101,91,14,4.221181436223179
Task_19,11,149,72,68,4.636895147105347
Task_20,81,85,49,43,7.743317690683538
Task_21,69,125,71,12,5.226238643232065
Task_22,51,121,36,88,5.341511535004275
Task_23,2,179,28,30,1.1004975389909575
Task_24,76,172,60,97,6.080690063878993
Task_25,33,180,24,15,5.253788733591297
Task_26,64,92,96,79,8.779360042856236
Task_27,28,125,72,83,4.8669848176295
Task_28,18,125,91,49,5.7552993468380365
Task_29,53,190,41,49,6.442454037571452
Task_30,96,139,91,27,6.992320368092315
Task_31,39,145,50,45,5.367093408262621
Task_32,63,102,99,28,8.382054849698953
Task_33,18,168,83,58,4.641260941335073
Task_34,86,56,37,52,8.54196548372101
Task_35,60,134,22,39,1.3253823438653836
Task_36,28,149,18,66,5.382853756562836
Task_37,90,145,46,79,7.955570602357258
Task_38,6,175,44,63,3.2064889743011986
Task_39,19,66,86,49,3.772641164803254
Task_40,93,64,59,15,3.41864662809866
Task_41,22,182,27,35,3.520492168243732
Task_42,74,67,18,31,5.64066885726762
Task_43,59,145,24,95,8.401841067112274
Task_44,64,77,89,24,4.887594672589529
Task_45,24,179,67,73,3.8772595956602185
Task_46,78,163,32,72,6.337364434623195
Task_47,65,184,100,72,9.04310317655311
Task_48,100,126,18,11,7.188126664489526
Task_49,76,169,31,70,6.2103596943494415
Task_50,12,116,18,94,4.209901149670035
Task_51,61,147,49,62,6.330616324022061
Task_52,61,100,75,43,7.2729674857993345
Task_53,34,83,50,66,3.216920359183972
Task_54,6,184,55,19,2.758506780103348
Task_55,12,173,64,23,3.0468377703017633
Task_56,30,73,71,23,1.4447275778018218
Task_57,62,50,26,23,4.779180415596864
Task_58,82,101,52,50,7.031582908269835
Task_59,18,194,86,78,5.307670184963691
Task_60,72,177,84,38,6.84811929993728
Task_61,1,132,99,30,1.1819438869243784
Task_62,77,107,96,58,6.599032015851961
Task_63,39,150,75,69,5.095928225209846
Task_64,73,148,11,65,5.066584096167572
Task_65,71,189,58,16,6.308071432500987
Task_66,80,89,95,88,8.241076285221807
Task_67,86,72,49,64,9.544278851815795
Task_68,52,163,66,22,5.811866719247759
Task_69,12,153,100,39,4.601325586084147
Task_70,76,174,10,53,6.37333112635075
Task_71,31,200,19,61,1.8718431770514377
Task_72,37,106,42,52,4.280229186826175
Task_73,40,156,82,71,5.94534531491154
Task_74,94,122,31,29,10.514863168727928
Task_75,83,117,47,97,7.191458552828316
Task_76,7,181,28,91,4.397321013500419
Task_77,59,124,67,82,6.372932345442136
Task_78,62,131,46,56,4.186982943570701
Task_79,14,158,26,96,5.824234221772532
Task_80,93,152,47,48,8.72289954903016
Task_1,37,125,59,43,5.816547920564571
Task_2,21,181,68,21,2.830918817807892
Task_3,71,117,88,84,9.40419146640415
Task_4,38,167,83,86,4.002223405811579
Task_5,5,191,95,14,4.675285640700405
Task_6,64,161,55,45,9.595683438714968
Task_7,100,181,32,98,7.274195512303969
Task_8,98,51,65,10,5.685553405595842
Task_9,62,87,19,51,5.169477047631461
Task_10,56,102,77,94,5.629786518825702
Task_11,27,196,66,84,3.2340048534008004
Task_12,85,179,81,17,7.612844462209041
Task_13,18,70,71,95,2.4965444294108425
Task_14,69,182,25,97,7.810388645952773
Task_15,92,124,17,60,5.615863648649296
Task_16,9,119,59,11,5.014901607526308
Task_17,64,169,80,65,5.890120061495645
Task_18,3,97,62,71,2.6319077256914865
Task_19,31,159,82,11,5.755275826054505
Task_20,82,74,97,37,5.003703525349067
Task_21,35,108,54,53,4.776189901906195
Task_22,79,127,89,22,8.845714131423643
Task_23,35,171,17,72,2.3837751481581586
Task_24,36,155,48,87,5.651950787798456
Task_25,33,167,31,59,5.059824191372635
Task_26,78,86,82,30,7.612734307665966
Task_27,76,127,82,82,5.674573933682878
Task_28,95,76,95,76,6.094315080373585
Task_29,69,93,93,24,6.917912348425347
Task_30,29,122,56,11,4.120477009849779
Task_31,4,132,61,17,3.0657392755188146
Task_32,66,190,35,11,6.409672314245464
Task_33,14,56,24,75,1.7249629176322638
Task_34,39,95,98,29,5.153380545741505
Task_35,79,76,16,35,5.9146087099480225
Task_36,55,189,48,41,4.903472872960449
Task_37,21,72,20,52,5.648661766717135
Task_38,98,80,35,27,7.340749381367682
Task_39,59,191,95,40,5.098044754196026
Task_40,6,161,88,49,4.949830412950744
Task_41,91,65,42,70,5.417977494659018
Task_42,34,170,54,58,6.2606269056136785
Task_43,43,149,36,64,6.877893368511106
Task_44,70,97,20,75,4.663976522472434
Task_45,66,142,16,50,7.155064193866483
Task_46,39,54,54,68,4.939171390404748
Task_47,75,152,21,17,7.073090239991735
Task_48,82,102,49,32,9.180189473980922
Task_49,1,76,66,74,2.5419178259956943
Task_50,51,107,64,86,4.739395753463766
Task_51,93,163,83,20,6.490728355561715
Task_52,43,186,24,20,3.4462845725518427
Task_53,34,174,38,38,4.464347435878845
Task_54,91,164,94,32,8.591727962224965
Task_55,59,87,14,11,4.6100361989950285
Task_56,78,91,53,64,7.805774873554036
Task_57,43,106,65,13,4.39950283781686
Task_58,82,167,96,68,10.410301115735976
Task_59,89,100,41,41,6.283014750143066
Task_60,47,115,64,62,9.470253749884428
Task_61,84,129,78,98,9.06850102164751
Task_62,76,51,22,84,4.614263665375576
Task_63,81,51,72,56,4.873661252908331
Task_64,87,102,76,19,7.518708622864779
Task_65,100,183,97,16,8.189805822011223
Task_66,10,134,85,51,4.951000741138138
Task_67,93,70,16,56,7.139856436860318
Task_68,98,95,43,22,6.715756631014692
Task_69,87,84,69,92,6.3348094228973935
Task_70,71,95,75,56,4.192729162971203
Task_71,5,96,11,80,1.9052275718994687
Task_72,73,192,54,64,8.624598191485209
Task_73,44,193,82,57,6.536140616195306
Task_74,41,166,89,23,3.521391831932018
Task_75,32,140,75,10,4.5347713887767735
Task_76,4,164,96,94,5.267976069593256
Task_77,79,106,28,75,5.2292138456983
Task_78,87,178,60,56,8.100587658918293
Task_79,7,161,12,46,2.9173130776689997
Task_80,45,122,30,64,3.1655445532540654
Task_81,59,106,41,59,6.046681040522425
Task_82,86,56,28,50,6.871176789552351
Task_83,59,139,26,81,7.569576864762915
Task_84,12,56,67,67,4.7507030780523545
Task_85,13,191,22,17,1.0784959480643637
Task_86,20,175,72,90,3.773262440127316
Task_87,34,79,16,94,4.91255290081299
Task_88,90,100,20,83,7.815678926368313
Task_89,100,97,78,27,8.317571529459071
Task_90,52,135,74,23,11.184097235982083
Task_91,81,190,78,100,9.476335766039751
Task_92,43,168,46,56,7.063348460270898
Task_93,89,190,56,48,9.341002645239804
Task_94,77,176,11,43,7.397086876958697
Task_95,55,200,50,71,6.092096133039481
Task_96,65,74,78,71,7.363453830739901
Task_97,67,155,21,89,5.3907621781936435
Task_98,68,140,98,27,6.319772089889987
Task_99,45,119,96,70,5.201954678256344
Task_100,80,86,26,32,5.852811209079484
Task_101,54,66,60,19,8.016987850010263
Task_102,32,78,98,95,2.4741022111123776
Task_103,91,99,92,52,8.72939028556177
Task_104,44,73,33,67,2.0109261932155222
Task_105,76,90,40,39,5.17710220131585
Task_106,3,83,30,19,3.348425895451049
Task_107,100,75,48,53,7.3614200286431934
Task_108,13,124,31,57,1.5933828331060407
Task_109,97,190,38,100,7.747044436110048
Task_110,24,163,31,71,5.379396623402013
Task_111,1,166,35,24,1.499450052424295
Task_112,28,101,65,95,5.134687884372963
Task_113,53,158,76,57,6.29335775985572
Task_114,58,58,81,14,3.927599478591275
Task_115,15,197,48,33,7.150916133987988
Task_116,50,183,38,26,6.240878533477017
Task_117,10,147,17,99,0.672286120013589
Task_118,6,120,27,94,3.5946814721541416
Task_119,58,100,14,33,3.6123203028474187
Task_120,21,116,21,35,4.328650002194336
Task_1,12,119,24,65,1.936218892350949
Task_2,9,167,81,33,3.6578953377996517
Task_3,93,193,44,65,8.972480918470685
Task_4,53,118,46,20,6.118632791255182
Task_5,93,71,36,100,5.599555389416336
Task_6,100,179,29,74,7.833248146238576
Task_7,16,140,49,66,3.2125820332585655
Task_8,79,108,57,66,5.895006151139432
Task_9,61,153,59,71,9.178181360421645
Task_10,13,65,28,63,3.2724725664414334
Task_11,26,158,31,52,2.2336740684974323
Task_12,25,145,34,37,5.141792920582164
Task_13,69,178,34,16,9.16323429551895
Task_14,72,51,41,18,6.543697890826721
Task_15,33,140,43,53,2.21094505106898
Task_16,56,111,44,20,4.143648890700623
Task_17,78,132,29,96,8.995366723779934
Task_18,3,131,12,71,1.643495801571829
Task_19,38,182,26,45,5.450729142219343
Task_20,24,193,59,72,6.256951080144005
Task_21,80,96,45,33,4.739604292632875
Task_22,81,90,26,21,5.5657119659073
Task_23,66,53,71,66,1.0230989898963907
Task_24,66,162,84,41,5.2584185379985655
Task_25,12,110,99,95,4.23114777291026
Task_26,78,135,19,96,5.103325227052725
Task_27,54,83,37,56,7.373616955897453
Task_28,96,170,64,48,6.034787933059052
Task_29,2,65,69,37,1.6799332699545242
Task_30,24,107,33,61,3.8761108659291375
Task_31,29,149,42,41,6.346909933599173
Task_32,65,146,22,94,4.296206773230841
Task_33,56,126,74,81,8.129745628232438
Task_34,9,125,64,62,3.6053495915293805
Task_35,58,70,20,92,3.807737023428074
Task_36,2,97,92,93,4.538155211394907
Task_37,8,82,95,45,3.6185895433602053
Task_38,22,142,10,72,2.849674684261808
Task_39,22,136,43,15,3.4347031274850286
Task_40,96,77,98,36,7.00202960470736
Task_41,51,86,66,13,4.7652760178768725
Task_42,28,109,58,32,4.83319601178157
Task_43,39,65,82,86,7.499025224218029
Task_44,52,118,77,67,4.083276751759727
Task_45,8,166,46,29,6.384550061984401
Task_46,24,155,83,94,2.4768683007162475
Task_47,27,155,29,20,3.4073223574466254
Task_48,91,95,71,10,7.597475809726864
Task_49,82,82,36,76,7.021487801602549
Task_50,99,179,64,26,7.155950720269109
Task_51,3,114,98,27,2.852816624464087
Task_52,83,170,27,88,6.8354985980117515
Task_53,11,62,41,64,1.8609528645836828
Task_54,56,65,14,92,6.3144031455315375
Task_55,81,150,38,99,8.140523228947572
Task_56,4,57,87,95,2.460635607109019
Task_57,47,92,77,95,7.199399813149876
Task_58,87,91,32,62,7.130949281314914
Task_59,34,75,46,11,4.52429317825844
Task_60,100,80,48,19,7.749443262885418
Task_61,82,78,44,69,5.3315074836168925
Task_62,53,146,48,50,4.739728439704546
Task_63,60,67,78,29,6.3959404076848925
Task_64,47,57,99,38,5.890555398150197
Task_65,35,107,44,65,4.423647609053778
Task_66,26,80,33,48,3.490991074963173
Task_67,33,169,64,33,6.7114973436826375
Task_68,71,196,55,88,6.767642916746254
Task_69,19,148,21,58,4.435646071755057
Task_70,4,173,59,18,2.781711021349159
Task_71,11,183,67,87,4.3634781951591695
Task_72,62,124,14,21,6.513165277980786
Task_73,92,54,59,51,8.028124523482045
Task_74,56,186,59,82,7.995264454000958
Task_75,27,135,28,53,5.873218210731494
Task_76,81,110,44,56,6.681505762449139
Task_77,13,120,58,24,4.102929456942446
Task_78,93,104,93,58,7.489599865109817
Task_79,46,140,66,59,6.061249528732663
Task_80,54,100,51,92,5.649785418448473
Task_81,62,146,33,100,6.700493947489078
Task_82,92,93,61,24,7.697735538155371
Task_83,81,135,82,77,6.5576689751497925
Task_84,82,140,85,96,11.35358091352819
Task_85,64,92,20,17,3.165973927750447
Task_86,57,180,16,93,4.463717080818402
Task_87,44,125,21,30,5.952166310250101
Task_88,88,74,87,66,8.622494040944405
Task_89,61,136,32,93,7.221179725578233
Task_90,29,192,72,37,5.94751826389642
Task_91,37,66,93,59,4.771629840729628
Task_92,64,60,74,71,4.629118442771253
Task_93,10,192,17,21,3.103706837290589
Task_94,71,132,91,48,5.939257432731832
Task_95,23,176,39,52,5.7376796001266275
Task_96,27,196,50,91,5.204413927746793
Task_97,12,70,77,14,1.4267542048112327
Task_98,7,90,44,28,1.8479212375205099
Task_99,22,185,23,28,4.334397181413436
Task_100,92,141,59,10,6.199413170794038
Task_101,39,182,21,73,3.9466694066503534
Task_102,47,60,40,59,4.800530817237869
Task_103,59,81,85,13,5.597449856663085
Task_104,25,159,91,14,3.6545852369433054
Task_105,24,112,48,60,3.233442541572516
Task_106,21,162,38,88,4.908074906036454
Task_107,97,153,53,49,5.737873487754015
Task_108,24,195,38,88,2.9288043384351674
Task_109,82,62,28,31,4.527333668121346
Task_110,84,106,24,74,6.40982927243223
Task_111,40,129,33,10,4.401361348397007
Task_112,88,77,50,59,9.018034325424328
Task_113,12,196,54,51,5.4214894348030285
Task_114,58,179,58,44,5.98009220505486
Task_115,29,64,37,70,3.666475688145967
Task_116,18,53,91,95,2.7162059530432865
Task_117,58,56,77,50,5.337230296011415
Task_118,28,190,81,53,4.877012041619793
Task_119,17,141,89,22,4.409077840507134
Task_120,6,56,31,37,0.6391535846715157
Task_121,2,122,39,80,3.8840197713617584
Task_122,71,62,37,11,7.189108369503867
Task_123,7,163,45,73,3.5868597773147135
Task_124,42,189,79,29,6.212567583148412
Task_125,20,103,71,16,4.370215987566668
Task_126,85,141,60,41,6.573169292171246
Task_127,44,105,41,48,4.921138722715625
Task_128,34,177,14,77,4.8538886011726925
Task_129,11,123,71,12,3.1715141478232476
Task_130,60,136,22,97,4.985485324216801
Task_131,25,147,48,96,4.916765261388413
Task_132,83,188,12,73,8.051997436868174
Task_133,65,74,38,88,8.056715411692563
Task_134,88,89,22,33,7.5539062391278105
Task_135,35,91,36,14,6.639773686267334
Task_136,1,162,62,25,1.8239786556679258
Task_137,82,80,55,24,7.393480955081018
Task_138,9,100,27,85,3.4050130086075274
Task_139,56,105,60,14,8.244704399826508
Task_140,83,165,88,83,7.152552571967274
Task_141,36,105,75,39,3.3004172367288365
Task_142,71,103,28,67,5.105911031833966
Task_143,45,87,96,66,2.3641564135352904
Task_144,18,142,12,28,2.1313674674788583
Task_145,58,128,71,49,4.841301007669454
Task_146,52,169,53,59,6.195590679714311
Task_147,61,58,76,64,6.24263396366574
Task_148,44,112,61,28,7.46925625882383
Task_149,92,119,63,61,9.075635757279077
Task_150,16,92,20,40,1.7546445165063955
Task_151,74,198,76,73,6.5673779929774625
Task_152,51,193,41,92,7.212878757259759
Task_153,81,72,33,18,3.554650189469037
Task_154,91,66,76,95,10.522188148781531
Task_155,85,104,39,61,8.55916018108193
Task_156,31,92,43,20,2.7112365218429426
Task_157,95,55,64,30,4.140298206363684
Task_158,63,183,55,88,9.155808561248119
Task_159,61,109,68,65,5.963190232121073
Task_160,42,80,34,62,6.196724467960193
Task_1,60,175,99,39,4.428358511808449
Task_2,48,82,45,32,3.4759374655693405
Task_3,84,124,90,45,7.472865549577275
Task_4,5,109,42,97,3.495470890647113
Task_5,3,89,74,84,2.7349017927811348
Task_6,99,118,68,91,9.44927489852125
Task_7,31,119,40,49,2.4735693559261085
Task_8,23,61,17,89,3.13643077246806
Task_9,53,140,13,62,5.355443447567849
Task_10,46,174,87,65,7.091658251088123
Task_11,11,101,63,22,3.9024223171333348
Task_12,52,105,52,98,4.213036862243197
Task_13,66,124,49,45,3.6488287438965665
Task_14,21,91,24,54,5.046515232847764
Task_15,59,199,67,86,7.7334710179693875
Task_16,75,64,46,61,4.87227019516517
Task_17,54,186,78,87,9.361727963283784
Task_18,10,172,96,86,5.123511951439287
Task_19,80,162,54,93,9.593945776095739
Task_20,65,160,26,41,5.956277722115163
Task_21,26,120,95,23,7.36112188732298
Task_22,25,65,78,41,6.318011263664806
Task_23,79,188,75,72,7.66155377728139
Task_24,49,56,77,99,7.107356426431533
Task_25,29,103,10,57,4.453063924377721
Task_26,71,123,10,20,7.282947336298523
Task_27,70,74,48,11,3.6776148091298433
Task_28,81,63,29,98,7.6140771899976585
Task_29,50,200,21,93,7.797636730274382
Task_30,90,102,98,50,5.101890770365328
Task_31,13,181,67,66,2.6801122310013374
Task_32,27,90,58,19,0.34615173335984917
Task_33,5,51,40,27,1.3608897483331632
Task_34,90,115,96,16,8.406313383693943
Task_35,18,94,95,26,5.9085355781440425
Task_36,20,92,48,60,3.6511421706296625
Task_37,11,136,36,100,6.392923318356938
Task_38,93,194,85,69,6.829847812677663
Task_39,45,172,60,21,2.6299263409672675
Task_40,51,80,41,87,5.186678451655072
Task_41,85,167,33,45,7.666098173408961
Task_42,24,68,70,41,3.4959578778588614
Task_43,24,69,11,61,-0.13116315005981471
Task_44,39,124,54,46,4.556319940730817
Task_45,89,161,45,52,5.5582957492427205
Task_46,94,121,60,54,8.624508823245058
Task_47,30,200,33,78,5.714897369145272
Task_48,89,174,55,83,6.850180320508967
Task_49,92,175,53,40,6.974199623994959
Task_50,75,60,33,69,4.291179717166573
Task_51,57,118,33,23,4.775981354090242
Task_52,78,100,32,75,7.937713480751858
Task_53,70,136,21,27,4.1014109304966855
Task_54,1,151,54,89,4.461069773276766
Task_55,42,141,20,28,3.4346135724413385
Task_56,55,67,44,77,4.045690751606484
Task_57,29,92,49,19,3.2294544600681636
Task_58,17,67,31,100,1.9321365163709388
Task_59,82,74,96,25,5.824526041979228
Task_60,30,165,45,32,2.508183161116727
Task_61,57,198,14,75,9.112087699374584
Task_62,87,100,39,24,6.347895327957594
Task_63,49,165,46,77,4.895411738011123
Task_64,16,189,51,67,4.780969866101334
Task_65,94,107,63,61,7.461507925463756
Task_66,70,122,19,90,6.0235456007001655
Task_67,3,153,66,52,4.371250050065138
Task_68,53,159,43,64,6.981261565070957
Task_69,2,167,22,34,1.8142482785842091
Task_70,9,161,53,20,2.2912726390329796
Task_71,34,199,47,52,4.762422454272535
Task_72,64,100,90,39,2.6821182528966228
Task_73,41,199,46,66,3.447213406702172
Task_74,84,136,16,84,9.110311401166788
Task_75,45,199,26,26,7.487451570251925
Task_76,23,112,49,85,3.906445940665433
Task_77,90,62,90,28,7.75483544458365
Task_78,7,121,35,62,3.481875231815304
Task_79,51,192,42,84,10.978321212682857
Task_80,3,173,12,59,4.624362367151866
Task_81,100,78,14,33,6.29312361277885
Task_82,84,64,27,77,4.966689339099362
Task_83,40,137,75,59,2.970330519613641
Task_84,56,98,17,16,4.580195453800835
Task_85,88,165,25,92,6.670473882073546
Task_86,100,74,15,15,4.056619435603489
Task_87,94,59,11,77,5.6401406736362105
Task_88,71,178,26,48,4.817677994578407
Task_89,6,63,43,43,4.750712452608847
Task_90,55,121,11,81,6.662459635424176
Task_91,34,170,39,12,4.153041038025074
Task_92,48,158,37,61,7.669916208335039
Task_93,91,151,83,98,8.891052461471428
Task_94,53,174,96,10,4.688073698007605
Task_95,93,199,32,97,10.859686115904488
Task_96,83,149,99,64,8.89336506552699
Task_97,53,197,100,61,5.479130768510315
Task_98,33,140,60,14,3.874491982874588
Task_99,100,88,10,50,5.466572619922864
Task_100,35,195,11,79,2.975800403553497
Task_101,19,153,66,82,6.089266321297462
Task_102,43,74,69,46,7.479124960705196
Task_103,47,175,85,21,3.5921486392712887
Task_104,71,176,52,54,7.744453855035856
Task_105,33,102,77,43,3.49403614631726
Task_106,42,163,16,82,4.469311924352957
Task_107,28,124,39,67,3.3414091136416966
Task_108,43,176,92,45,4.669013845480276
Task_109,97,149,11,67,7.582782441917241
Task_110,80,137,24,11,4.648574825383443
Task_111,51,57,47,37,4.785685238669759
Task_112,54,197,98,37,6.619642835826294
Task_113,73,199,28,29,6.136577929700385
Task_114,59,170,35,60,4.713654506937605
Task_115,37,159,66,38,4.134843004147502
Task_116,28,78,28,72,4.813086838738634
Task_117,75,165,98,47,8.326375781436571
Task_118,44,72,43,31,2.5636671328021734
Task_119,4,99,68,89,3.6939984581438385
Task_120,16,50,49,32,3.6420806850576835
Task_121,41,118,27,50,1.8808920783179421
Task_122,45,154,37,81,6.3750402885699025
Task_123,57,166,80,53,5.51106436158123
Task_124,82,199,17,14,7.4108980028897395
Task_125,26,71,51,15,1.8551112651862247
Task_126,88,166,20,39,4.237676849003222
Task_127,2,191,87,51,1.638686343175256
Task_128,12,130,97,66,4.417127419992073
Task_129,4,132,83,48,3.874583752582222
Task_130,70,125,79,59,5.463525062343388
Task_131,38,76,34,56,4.96788868816606
Task_132,47,158,35,26,2.35271990659656
Task_133,58,66,26,61,4.765880302029025
Task_134,21,86,30,43,1.1884757003563153
Task_135,87,166,32,77,6.667245838296761
Task_136,70,57,77,92,6.676098006974621
Task_137,50,196,26,19,3.844379952074071
Task_138,90,125,84,73,7.528166683655263
Task_139,15,162,100,85,6.654439213821661
Task_140,60,188,12,90,5.544662195715276
Task_141,94,57,46,72,8.293538168097713
Task_142,10,170,66,52,2.2754397180135735
Task_143,78,157,99,70,8.799706266872924
Task_144,10,148,56,91,6.34735293098685
Task_145,46,149,30,27,0.9375332498090665
Task_146,50,177,44,92,5.114657116794285
Task_147,34,59,26,85,4.82060819077081
Task_148,98,110,77,22,7.180431920935511
Task_149,2,113,27,84,3.451718810056964
Task_150,100,127,53,14,6.3690222199262685
Task_151,14,188,50,69,4.49488468120935
Task_152,25,151,70,26,3.96648414691188
Task_153,59,77,97,93,8.32167309248971
Task_154,85,57,69,88,7.55663126495182
Task_155,2,104,43,93,3.6864039931128034
Task_156,70,99,65,85,6.122184550816299
Task_157,39,60,65,28,3.21359066389126
Task_158,23,164,59,13,3.2211627182705684
Task_159,9,164,89,48,4.736678213567446
Task_160,51,175,28,95,5.513523278769606
Task_161,54,66,31,63,5.20466228534462
Task_162,97,137,42,38,10.53310119796816
Task_163,24,148,90,66,6.326687055147539
Task_164,96,182,94,45,8.21596470174824
Task_165,3,138,45,76,5.146820883245917
Task_166,2,188,83,25,2.987886940467673
Task_167,77,108,39,95,3.8828131972332187
Task_168,17,156,27,25,1.677870533623894
Task_169,54,154,62,65,3.338812118461216
Task_170,28,56,36,67,2.977729773938037
Task_171,51,162,75,19,5.607627568784328
Task_172,21,151,42,45,6.379655968412924
Task_173,81,163,36,92,8.090391060646244
Task_174,90,108,33,61,6.661349206786704
Task_175,46,64,75,82,6.539108371775233
Task_176,47,124,16,53,1.308297036488172
Task_177,42,50,98,94,5.83342183716285
Task_178,28,58,36,95,5.101297790830451
Task_179,74,89,31,56,3.6771206313302374
Task_180,43,159,46,67,7.150631064810393
Task_181,56,164,13,49,5.8777446112416225
Task_182,16,87,90,28,2.8170681291487973
Task_183,20,164,65,18,4.834172799159427
Task_184,11,169,34,64,7.116039286706593
Task_185,16,191,31,82,4.677799382587742
Task_186,7,95,68,58,3.5623308794505046
Task_187,29,164,65,13,3.5709586506896347
Task_188,12,139,67,21,2.0352334458028123
Task_189,45,178,87,50,7.330503724816369
Task_190,7,77,71,32,1.3808742611366993
Task_191,81,76,51,85,6.957349355829089
Task_192,78,53,41,23,4.673513829852325
Task_193,21,91,64,99,5.123469738619587
Task_194,67,69,28,13,5.155493157930422
Task_195,94,129,77,15,8.926309916386849
Task_196,39,90,58,70,4.00497540171788
Task_197,1,159,64,85,3.470187597059943
Task_198,59,173,92,84,5.851854426326538
Task_199,14,125,53,53,2.8735601098858328
Task_200,23,173,41,80,5.260950739567279
Task_1,92,143,65,32,8.620482924968027
Task_2,17,184,77,89,3.7967520137335624
Task_3,7,154,28,92,4.99440888015849
Task_4,40,144,45,38,6.718456788207427
Task_5,98,83,67,82,8.585152354835552
Task_6,27,64,13,18,5.270193718837099
Task_7,37,112,34,70,3.369316201344641
Task_8,33,87,85,62,2.858017945032874
Task_9,40,110,62,93,2.7569196266435827
Task_10,39,96,35,44,6.339066467233774
Task_11,83,64,84,57,7.886548484531086
Task_12,85,58,86,37,6.591622993634317
Task_13,27,68,18,94,4.129952939479731
Task_14,6,128,51,14,0.8667664290524355
Task_15,54,91,23,65,8.59862796942524
Task_16,82,77,21,71,6.443831772962843
Task_17,55,155,79,57,6.504092191907339
Task_18,74,60,58,52,7.0386499358480386
Task_19,27,173,73,96,6.33651384760507
Task_20,62,83,81,87,6.785826036418697
Task_21,34,65,96,77,3.7592883168320324
Task_22,68,68,76,84,7.187202535703993
Task_23,27,59,42,98,6.86303674471255
Task_24,70,110,64,12,7.758130069232466
Task_25,84,143,20,38,8.889779939959094
Task_26,52,154,28,11,3.958176485353223
Task_27,18,57,94,46,2.085592769612129
Task_28,3,78,35,34,1.7763196198505278
Task_29,86,113,55,43,6.983587368433042
Task_30,31,134,70,80,6.781287277706424
Task_31,99,76,96,18,4.881303055427771
Task_32,97,59,39,74,9.42932547919092
Task_33,29,200,42,53,4.637988152131516
Task_34,84,141,94,22,6.70967839507887
Task_35,97,106,40,83,6.236843437109749
Task_36,90,63,81,46,4.552714992201346
Task_37,49,145,68,19,6.439755875942872
Task_38,80,170,93,63,8.149976950782607
Task_39,35,152,75,68,3.4800586503884183
Task_40,28,121,16,91,2.2723818419045765
Task_41,34,160,100,42,4.926322951064808
Task_42,7,171,35,30,5.538532287934089
Task_43,62,136,95,50,6.245612972954593
Task_44,50,93,18,81,2.6602855703228405
Task_45,42,199,50,21,4.786385403871083
Task_46,34,95,91,89,4.940914645378495
Task_47,87,199,39,40,3.4796700355876427
Task_48,67,73,29,42,5.063557700223281
Task_49,68,125,54,44,5.773598204686984
Task_50,9,132,20,53,3.9093095472201274
Task_51,86,152,65,63,10.513434142418017
Task_52,23,169,63,33,5.9698475443216354
Task_53,8,56,33,73,2.146666964167754
Task_54,94,200,90,54,7.2002111368874955
Task_55,97,186,50,78,12.49003970487479
Task_56,26,91,18,94,3.978827651021732
Task_57,80,96,80,31,6.6458939378694195
Task_58,16,119,29,36,2.928812369334995
Task_59,89,134,60,53,7.782127141151782
Task_60,60,114,75,16,5.2884593821140875
Task_61,49,116,88,45,4.744506989679645
Task_62,59,153,50,78,5.579711588139412
Task_63,44,192,36,53,5.405870094676002
Task_64,98,127,54,36,6.7048628432993524
Task_65,36,74,41,94,3.495731325984254
Task_66,54,170,64,27,5.924645341537846
Task_67,28,90,21,89,3.5675341738687174
Task_68,23,99,57,66,6.240989482874033
Task_69,97,95,87,66,4.118545287410482
Task_70,53,193,73,29,7.747260277883692
Task_71,61,161,82,11,7.9241277887464445
Task_72,70,120,83,36,3.374914651387776
Task_73,35,200,10,46,4.075968608879476
Task_74,71,127,29,69,5.732838701006313
Task_75,42,112,50,31,2.3237324579232688
Task_76,45,143,60,28,3.8332749686136873
Task_77,74,69,42,83,4.599136231801257
Task_78,59,59,20,61,7.3834056651354345
Task_79,31,57,99,81,6.223517589721192
Task_80,1,69,11,93,4.207332642491238
Task_81,98,158,16,40,8.402508096064853
Task_82,44,184,36,87,4.191422343174156
Task_83,36,159,42,91,4.59821960058034
Task_84,27,76,98,31,4.779061841841877
Task_85,84,158,64,57,5.761808286662083
Task_86,46,90,19,77,5.709497645258582
Task_87,16,109,43,10,2.3245119027627976
Task_88,66,197,29,27,5.547768788675604
Task_89,55,97,37,83,6.586439952305237
Task_90,45,131,24,50,5.33639496722906
Task_91,34,148,96,11,4.24355075127138
Task_92,1,55,89,32,4.153994705046372
Task_93,59,92,86,78,4.708405008600154
Task_94,53,62,85,85,6.7439034104163955
Task_95,49,112,58,98,6.799651886952576
Task_96,81,160,18,94,6.865680341029015
Task_97,60,172,84,29,6.904199533363176
Task_98,36,186,24,57,2.9983296354220457
Task_99,48,84,95,21,6.366040528810352
Task_100,12,162,97,31,3.8626467953355164
Task_101,90,187,67,54,7.400915469221442
Task_102,98,162,71,23,9.503513838755335
Task_103,67,190,26,46,5.273484464185861
Task_104,27,192,42,70,2.8373080554546606
Task_105,25,127,93,46,2.270056239714145
Task_106,70,146,79,24,7.414014927018459
Task_107,74,185,81,98,6.314355971255576
Task_108,6,71,67,24,5.007191272976547
Task_109,72,67,45,47,2.5271058881744173
Task_110,96,101,95,28,10.199684552435057
Task_111,94,89,70,71,8.021526200803928
Task_112,73,74,28,69,5.699930332194412
Task_113,53,52,10,25,2.8776213697865756
Task_114,29,190,16,95,5.613704171528107
Task_115,45,155,96,17,5.4385479463627275
Task_116,84,124,52,80,9.074952823024784
Task_117,24,184,32,67,4.69634147299306
Task_118,74,146,93,33,7.275452642192816
Task_119,37,187,25,52,4.329581681679217
Task_120,83,141,92,12,7.034581564418399
Task_121,23,178,86,21,4.99670265333809
Task_122,33,193,15,96,2.679747411015062
Task_123,53,95,99,68,4.082721866841431
Task_124,53,113,71,26,6.349896141034073
Task_125,26,111,39,51,4.016298157191913
Task_126,50,174,65,11,5.104024995470981
Task_127,36,113,56,90,5.14765089959809
Task_128,51,122,27,64,5.6563725580425075
Task_129,63,88,63,28,4.585360479535958
Task_130,83,177,92,77,7.287542911896531
Task_131,34,89,10,83,4.278767882646522
Task_132,85,119,84,99,6.7174408335774505
Task_133,96,164,14,31,7.727379133571709
Task_134,42,128,76,70,3.016124593643239
Task_135,8,110,57,74,5.008733455988465
Task_136,12,155,70,25,4.283896223619565
Task_137,19,153,42,83,4.739044601470813
Task_138,81,175,77,57,9.28403647591827
Task_139,69,166,25,91,9.348211666693865
Task_140,82,121,100,99,9.816555097527196
Task_141,28,111,96,22,1.518688653002532
Task_142,4,172,63,79,2.1306345498964476
Task_143,69,120,18,63,4.927772133456482
Task_144,14,68,24,96,3.219136575316251
Task_145,65,153,46,92,7.626488530703686
Task_146,39,150,27,29,3.2013842802698016
Task_147,6,106,29,57,2.9301501467156177
Task_148,55,165,100,26,5.156925601470016
Task_149,81,87,20,13,4.497723295512078
Task_150,76,161,47,19,4.290008354727667
Task_151,83,69,20,17,4.010150130833644
Task_152,89,175,26,93,5.957473091575499
Task_153,88,153,17,99,6.206190120534001
Task_154,69,173,34,84,8.530462694911758
Task_155,88,69,46,100,5.855901666752087
Task_156,22,63,11,99,7.328573097256086
Task_157,18,198,44,43,4.924976851321334
Task_158,19,114,78,69,4.5722541855423104
Task_159,92,172,43,62,6.607463329728179
Task_160,77,141,15,95,7.960464819113486
Task_161,59,129,34,26,4.276543260643339
Task_162,25,82,31,31,3.1830147219680422
Task_163,2,129,59,27,6.520126807403193
Task_164,93,155,76,38,7.765910150413025
Task_165,27,79,44,92,5.903909989428513
Task_166,100,174,94,77,8.25023536231117
Task_167,69,123,32,96,6.547517264254557
Task_168,36,98,64,78,7.566200953453265
Task_169,84,152,31,28,5.664549413318349
Task_170,16,154,65,63,6.978672836995393
Task_171,98,168,93,16,9.276627903183213
Task_172,67,91,18,94,5.0962998361585985
Task_173,64,190,32,78,7.698611608583281
Task_174,78,121,15,53,7.588831674440095
Task_175,7,134,97,14,4.287714943325795
Task_176,41,200,97,15,3.3746629201643157
Task_177,13,92,88,19,2.084294236262697
Task_178,66,155,70,78,6.698722046672743
Task_179,59,91,70,60,5.698349856349931
Task_180,8,70,65,94,4.416008146326018
Task_181,32,114,99,14,4.70155150139988
Task_182,53,188,38,83,4.3419834619348485
Task_183,38,160,91,96,6.875296776508945
Task_184,63,152,83,72,7.910878617925735
Task_185,93,102,13,50,7.45468567189656
Task_186,77,73,22,85,7.806171088331933
Task_187,14,89,62,39,4.355883231823356
Task_188,93,128,88,13,8.133770118842655
Task_189,66,135,71,86,6.899751432812029
Task_190,6,63,30,45,-0.4364414002739876
Task_191,41,70,11,43,4.20442732869888
Task_192,34,154,67,55,5.381531530744667
Task_193,70,61,60,29,5.85236825579306
Task_194,69,108,31,84,4.339877136269536
Task_195,18,96,69,31,1.7384151893876059
Task_196,62,187,89,34,8.394729279999355
Task_197,25,174,97,27,4.790667269215018
Task_198,6,184,31,40,4.227251046058937
Task_199,90,54,53,83,7.122477564195692
Task_200,58,166,18,61,5.7896342092436175
Task_201,19,82,87,90,5.832425708963997
Task_202,58,153,79,71,5.905932907673939
Task_203,14,135,32,55,3.4991811654114753
Task_204,60,67,82,81,5.421587066942436
Task_205,73,178,36,57,6.173255658851527
Task_206,2,174,40,22,2.306241814797041
Task_207,1,181,31,78,3.8282006574505694
Task_208,73,157,91,88,7.186877067504785
Task_209,21,175,96,32,6.603634188360282
Task_210,73,162,69,60,5.863089046670744
Task_211,15,83,38,29,2.3046925337579616
Task_212,85,132,46,79,6.785403412588738
Task_213,31,177,29,52,6.7054668265306
Task_214,78,79,34,14,5.704832164767362
Task_215,15,68,25,63,4.297766809202953
Task_216,13,177,60,45,1.7666594404445415
Task_217,80,173,32,77,7.76557539880389
Task_218,3,151,69,31,4.494446193435156
Task_219,65,85,27,64,5.588425983913136
Task_220,56,154,40,14,6.748220562598027
Task_221,68,91,18,92,5.184067324849442
Task_222,32,193,95,80,8.26902116027837
Task_223,32,160,86,89,9.273347185428875
Task_224,93,83,35,41,6.075742159340512
Task_225,43,95,36,77,4.126746217898842
Task_226,49,189,59,95,8.830076715676551
Task_227,74,76,63,38,8.344358218596069
Task_228,29,91,55,66,3.390709959270098
Task_229,32,62,74,48,3.419719774356214
Task_230,46,141,83,65,5.507323086709238
Task_231,79,194,76,48,5.7333242334485846
Task_232,51,140,60,21,3.7870220802737027
Task_233,94,111,35,81,6.043788849871898
Task_234,60,127,17,98,4.843303652343806
Task_235,4,166,14,35,2.5429726689198286
Task_236,48,179,74,25,6.026322098804782
Task_237,35,95,17,44,5.940750739221116
Task_238,70,187,69,31,5.372468938891814
Task_239,48,198,99,38,7.911483597714876
Task_240,60,179,100,50,6.719016733661737
Task_1,37,124,27,59,4.305804435521351
Task_2,27,155,26,60,5.202229238249906
Task_3,25,121,88,53,2.890916967656551
Task_4,25,185,57,83,5.773614619276076
Task_5,69,115,46,97,6.994678312319585
Task_6,60,69,13,75,5.748676896012223
Task_7,54,61,50,50,5.243752965861727
Task_8,65,99,13,71,9.182950209866341
Task_9,63,126,39,19,4.323390023623026
Task_10,68,88,53,94,5.688504567497274
Task_11,29,105,42,36,2.735289210362853
Task_12,62,107,73,96,5.871784321259618
Task_13,48,198,75,68,5.568919309040224
Task_14,35,105,53,45,6.0535247966613275
Task_15,43,136,96,40,7.680756371984781
Task_16,75,161,20,74,5.9138805593757855
Task_17,21,103,93,33,2.721466640343657
Task_18,91,161,72,59,8.832123334579606
Task_19,24,152,31,78,3.5266654335785437
Task_20,10,167,100,57,5.474397726633266
Task_21,64,176,26,86,6.944384531276949
Task_22,37,50,54,91,2.2513838275041524
Task_23,94,190,37,75,10.601257801995093
Task_24,72,118,66,80,9.663816509643283
Task_25,76,198,29,49,6.030816964273421
Task_26,93,89,44,25,5.993447660096024
Task_27,83,137,16,65,7.163798086087358
Task_28,27,114,30,54,4.251685184980538
Task_29,28,157,93,34,5.862816409009246
Task_30,77,101,46,46,9.255306808149525
Task_31,75,121,71,35,6.284579158758927
Task_32,28,166,85,34,3.64755413319232
Task_33,79,152,60,53,5.09602115797821
Task_34,89,174,68,48,6.833604940087122
Task_35,13,99,39,97,3.630309540689304
Task_36,9,157,67,96,7.156836795276681
Task_37,28,92,59,29,2.863583051445743
Task_38,78,122,98,29,7.360681927458347
Task_39,38,112,61,20,4.210365655890873
Task_40,26,80,15,31,4.572589910172126
Task_41,64,157,11,86,10.015398638810433
Task_42,93,137,17,21,5.7936968406195195
Task_43,20,51,20,90,2.425840836222667
Task_44,38,130,80,95,7.391241315603608
Task_45,7,200,96,67,5.817837234439467
Task_46,56,123,56,82,8.870060988604049
Task_47,6,143,54,62,4.345892277988946
Task_48,14,167,76,31,3.4360618638194103
Task_49,62,126,53,12,6.220982246038464
Task_50,29,53,84,41,5.518055370874362
Task_51,86,129,17,86,8.365723271796046
Task_52,93,103,61,65,8.330911046660948
Task_53,54,153,86,25,7.495012034383731
Task_54,56,132,60,86,8.063943385668509
Task_55,39,168,33,12,6.37823848655629
Task_56,38,100,39,68,5.478064831384465
Task_57,75,126,61,100,7.174322879524718
Task_58,48,113,94,67,6.165070529649984
Task_59,16,126,68,96,6.329763449762535
Task_60,100,64,61,49,6.064596493519145
Task_61,45,99,35,37,4.873009963309352
Task_62,90,133,78,93,7.804991781508958
Task_63,49,163,40,25,5.098117234402226
Task_64,85,56,27,90,8.482677793910948
Task_65,47,151,27,78,5.721648602029855
Task_66,100,91,10,73,7.224654822234223
Task_67,94,74,16,20,3.9402157885301214
Task_68,21,93,38,90,5.01938034904083
Task_69,72,70,43,40,6.513226271711613
Task_70,70,197,77,41,10.48488208495819
Task_71,1,174,52,49,2.8433326475704988
Task_72,12,141,17,89,3.928725491495908
Task_73,34,60,39,19,3.544075525566133
Task_74,99,135,96,34,10.616179919645212
Task_75,73,100,30,81,6.172056701419573
Task_76,4,157,59,44,3.733532288655509
Task_77,77,136,75,35,7.771844764574809
Task_78,15,87,93,29,3.7299136847345373
Task_79,53,121,57,28,4.465349578174207
Task_80,53,124,35,92,6.086134989347462
Task_81,60,162,24,13,6.785447624789659
Task_82,38,135,43,24,2.7152270508834095
Task_83,72,118,85,55,7.079454511220314
Task_84,83,60,75,75,5.94981877759124
Task_85,65,52,79,50,7.497569943387264
Task_86,88,172,95,24,5.620219642824338
Task_87,33,95,34,89,3.6066172290926177
Task_88,94,103,98,55,8.590817812596782
Task_89,58,136,54,84,8.67828604385151
Task_90,27,73,90,73,4.4263746083905176
Task_91,40,114,31,46,3.4622007099602023
Task_92,65,108,23,30,7.946735604160885
Task_93,92,98,65,34,4.892979149375634
Task_94,55,66,34,58,1.4917910650698771
Task_95,42,142,73,61,6.190021675079999
Task_96,4,72,100,11,1.8319186634710833
Task_97,11,164,98,80,3.3281507743039302
Task_98,90,122,64,91,9.107534670949029
Task_99,80,144,44,100,7.965701070656798
Task_100,83,178,71,98,7.618882053894909
Task_101,58,132,85,95,4.999543401993659
Task_102,58,142,16,47,6.573685992420217
Task_103,42,114,81,36,5.970301766937991
Task_104,48,142,32,26,4.541236204330926
Task_105,28,200,85,100,8.9449554940715
Task_106,76,134,77,98,6.159872850510771
Task_107,70,107,85,98,5.026712243612892
Task_108,67,71,42,26,4.042137895178134
Task_109,95,168,96,95,9.226620975466753
Task_110,83,181,11,41,7.105009173984039
Task_111,62,103,14,92,5.358145913215505
Task_112,50,155,22,27,5.313083094771446
Task_113,25,102,89,45,2.402690863714334
Task_114,30,89,97,94,7.420646906109889
Task_115,41,140,19,10,3.761773232411147
Task_116,99,159,19,67,9.505943747382192
Task_117,1,113,60,23,2.9390880195665563
Task_118,12,126,30,76,4.135129828730676
Task_119,91,58,50,68,7.754650920348306
Task_120,55,140,49,15,5.781562840025972
Task_121,32,157,90,73,6.579084139801315
Task_122,66,173,44,100,9.183728795198647
Task_123,96,50,89,65,7.904781754552205
Task_124,60,116,46,43,6.558505636382767
Task_125,91,68,88,19,6.700396458569159
Task_126,45,120,25,11,6.15017582317421
Task_127,28,129,90,28,3.4454115469110955
Task_128,19,186,80,55,7.536410649366223
Task_129,98,180,68,97,9.114763074033485
Task_130,37,105,93,60,3.048837346822928
Task_131,12,70,84,32,3.232156622366184
Task_132,72,177,53,65,6.118422513787678
Task_133,95,165,82,82,10.120965323483087
Task_134,3,156,15,53,1.7510640310464136
Task_135,64,87,69,59,5.320724850177831
Task_136,80,73,85,44,3.8306889035817044
Task_137,80,173,54,83,7.1065405211263855
Task_138,84,111,58,45,3.219181010056565
Task_139,11,161,63,48,1.4491457647714152
Task_140,12,150,46,88,5.250621984216446
Task_141,55,114,39,89,6.988700237976248
Task_142,76,101,20,18,6.018186342677448
Task_143,13,58,19,49,0.7995357853061806
Task_144,96,97,75,42,7.45343296578703
Task_145,84,90,57,64,6.909596191364147
Task_146,38,193,22,19,2.707452966211186
Task_147,57,98,10,16,6.475097452650726
Task_148,18,50,75,82,5.071043435863507
Task_149,73,176,85,48,7.073553739255504
Task_150,60,78,65,62,5.725328758491796
Task_151,80,87,30,11,5.797574211921329
Task_152,70,68,100,14,2.8273976973635637
Task_153,43,192,49,20,4.734233926219105
Task_154,25,130,17,82,3.0120236280033024
Task_155,79,61,16,39,3.8825699851576276
Task_156,98,120,63,24,6.983349560671069
Task_157,57,195,16,56,8.576529790274284
Task_158,24,167,48,65,5.526264291900514
Task_159,81,163,86,23,6.458231515325805
Task_160,43,172,46,99,6.903874172034238
Task_161,37,125,42,81,7.044033154879004
Task_162,42,81,13,31,4.956950524369153
Task_163,50,133,86,46,5.899445554880262
Task_164,4,56,21,51,0.869594833441639
Task_165,96,84,28,25,7.482334970420386
Task_166,95,147,82,97,9.495228078132623
Task_167,34,52,24,54,4.7327898300415985
Task_168,17,92,20,92,4.402757702522954
Task_169,72,164,47,19,7.804329072979003
Task_170,59,165,26,14,4.397147182659149
Task_171,40,68,13,77,6.006091098451488
Task_172,85,172,53,28,7.481399407038599
Task_173,3,114,56,61,6.157891308937899
Task_174,94,116,95,89,7.586218272865649
Task_175,23,144,34,67,6.708945704747873
Task_176,94,73,79,71,7.976866175193972
Task_177,73,75,17,65,4.652872994578328
Task_178,55,78,95,25,4.604171248918518
Task_179,33,131,90,59,4.714479037708519
Task_180,93,197,94,93,10.061248919602873
Task_181,36,158,68,19,5.46925323205325
Task_182,84,80,28,84,5.819449994092131
Task_183,66,128,72,24,5.983468111608526
Task_184,8,186,54,91,7.648405537917796
Task_185,93,50,75,89,10.201314755151067
Task_186,40,175,46,12,5.2744855045110475
Task_187,1,74,55,11,1.8370052172523004
Task_188,17,71,49,17,2.730046990077392
Task_189,71,119,32,37,6.695276959095626
Task_190,70,150,18,96,5.175811152202391
Task_191,18,95,74,76,3.713935193864982
Task_192,53,198,42,33,3.2521238891836166
Task_193,73,109,82,39,7.153834683907919
Task_194,41,50,29,98,5.425793909554112
Task_195,57,152,71,14,4.92022030655094
Task_196,25,88,98,94,7.370980144935049
Task_197,74,95,83,71,5.121351505496489
Task_198,54,129,40,88,3.7134376796852697
Task_199,95,135,10,34,7.096677727839958
Task_200,17,113,12,83,4.975647453918232
Task_201,28,143,20,52,6.435891537186803
Task_202,3,96,54,48,1.9516736056965898
Task_203,85,107,20,49,7.973021250146944
Task_204,3,128,10,77,2.6772372957489394
Task_205,89,140,77,52,7.526059050088771
Task_206,29,97,31,32,4.690489906230008
Task_207,86,86,83,66,8.37348431762013
Task_208,35,62,36,13,0.7404117645236261
Task_209,44,184,69,77,8.444810524588844
Task_210,42,193,12,100,7.7801370312211775
Task_211,58,189,72,50,5.681655947735707
Task_212,61,118,88,43,6.7887053001561135
Task_213,6,84,37,10,2.5860452794241082
Task_214,78,57,10,32,5.4910106487358625
Task_215,63,119,89,42,5.479542269231869
Task_216,42,97,94,49,4.207564948092923
Task_217,84,188,44,62,7.631668893512832
Task_218,84,121,65,68,9.164093528889046
Task_219,21,114,83,21,4.565400231891649
Task_220,86,168,21,20,6.039078501870841
Task_221,90,76,23,80,7.962548065972516
Task_222,93,113,10,99,3.1421860690548877
Task_223,56,63,100,65,7.628148550558155
Task_224,47,175,99,19,3.26042933183285
Task_225,82,165,48,44,6.586338587895303
Task_226,73,138,100,19,5.135495158060785
Task_227,80,104,49,33,4.327977786418642
Task_228,78,50,43,82,8.01624018106778
Task_229,9,99,22,53,1.8634481980321629
Task_230,1,167,37,52,3.5747558225960736
Task_231,43,65,44,23,3.7346191316812236
Task_232,23,57,37,11,3.1555612408346825
Task_233,70,150,44,77,6.930232836590384
Task_234,96,105,63,41,5.485511663717147
Task_235,40,109,92,48,6.684400229170709
Task_236,55,198,77,10,5.294365125258032
Task_237,83,146,37,57,4.685127152010373
Task_238,62,74,54,91,5.372827258551131
Task_239,48,124,39,12,6.656139685951467
Task_240,49,180,30,22,6.30533261317024
Task_241,37,139,22,57,3.902021798388212
Task_242,29,198,52,12,3.8661134435223565
Task_243,16,71,97,53,3.277547423173926
Task_244,85,117,74,27,10.050121975341261
Task_245,71,61,88,20,6.35290317834733
Task_246,25,185,44,46,5.095062470786604
Task_247,76,65,95,55,8.245425181047764
Task_248,59,70,89,32,5.82318373853977
Task_249,82,110,20,36,5.651436781268946
Task_250,68,145,37,93,6.505475226372534
Task_251,94,167,87,22,7.897598110878903
Task_252,7,173,57,46,3.5691666452352377
Task_253,53,155,33,87,7.09144431545547
Task_254,75,141,53,91,7.397918828710949
Task_255,2,51,22,61,2.953960115823369
Task_256,74,194,12,77,6.853925129837127
Task_257,30,126,25,92,4.632952785474136
Task_258,9,121,72,32,0.22269897320183896
Task_259,81,168,100,12,8.784491512053721
Task_260,69,193,42,63,7.474732713846989
Task_261,67,178,10,97,8.232015164789479
Task_262,90,104,98,26,3.0556169327094658
Task_263,96,182,93,52,11.927562057171091
Task_264,98,173,48,81,8.35561555776724
Task_265,9,91,86,78,5.482274225106275
Task_266,53,143,18,64,3.7501411093117034
Task_267,42,56,28,67,5.004160857593854
Task_268,44,123,20,57,3.004876655239516
Task_269,63,170,32,12,4.574346558956292
Task_270,96,198,49,57,11.24104703080018
Task_271,30,113,18,23,2.95897639885498
Task_272,65,64,21,93,5.926149309769584
Task_273,84,119,25,89,8.405101596033132
Task_274,30,165,39,31,4.943522831958907
Task_275,55,84,57,88,5.990628357715365
Task_276,50,116,20,73,5.602441503699338
Task_277,51,74,37,46,8.140123377857414
Task_278,31,159,62,25,4.358571804449622
Task_279,15,132,89,51,4.4716485700724515
Task_280,63,187,49,39,7.915981594011418
